key,title,year,month,day,journal,issn,volume,issue,pages,authors,url,language,publisher,location,abstract,notes,doi,keywords,pubmed_id,pmc_id,PDF files
rayyan-337046555,TLEABLCNN: Brain and Alzheimer’s Disease Detection Using Attention-Based Explainable Deep Learning and SMOTE Using Imbalanced Brain MRI,2025,,,IEEE Access,2169-3536,13,,27670-27683,"Kina, Erol",,,,,,"",10.1109/ACCESS.2025.3539550,Diseases;Alzheimer's disease;Magnetic resonance imaging;Brain modeling;Tumors;Deep learning;Accur...,,,""
rayyan-337046560,Same-Subject-Modalities-Interactions: A Novel Framework for MRI and PET Multi-Modality Fusion for Alzheimer’s Disease Classification,2023,,,IEEE Access,2169-3536,11,,48715-48738,"Guelib, Bouchra and Zarour, Karim and Hermessi, Haithem and Rayene, Bounab and Nawres, Khlifa",,,,,,"",10.1109/ACCESS.2023.3276722,Feature extraction;Magnetic resonance imaging;Positron emission tomography;Diseases;Machine learn...,,,""
rayyan-337046561,3D CNN Design for the Classification of Alzheimer’s Disease Using Brain MRI and PET,2020,,,IEEE Access,2169-3536,8,,217830-217847,"Khagi, Bijen and Kwon, Goo-Rak",,,,,,"",10.1109/ACCESS.2020.3040486,Magnetic resonance imaging;Three-dimensional displays;Feature extraction;Computer architecture;Ne...,,,""
rayyan-337046563,An Ensemble-Learning Based Application to Predict the Earlier Stages of Alzheimer’s Disease (AD),2020,,,IEEE Access,2169-3536,8,,222126-222143,"Syed, Asif Hassan and Khan, Tabrej and Hassan, Atif and Alromema, Nashwan A. and Binsawad, Muhammad and Alsayed, Alhuseen Omar",,,,,,"",10.1109/ACCESS.2020.3043715,Biomarkers;Proteins;Biological system modeling;Predictive models;Alzheimer's disease;Feature extr...,,,""
rayyan-337046567,A FixMatch Framework for Alzheimer’s Disease Classification: Exploring the Trade-Off Between Supervision and Performance,2025,,,IEEE Access,2169-3536,13,,59531-59543,"Hossain, Al and Hani Konok, Umme and Tahsin, MD and Islam, Raihan Ul and Rifat Ahmmad Rashid, Mohammad and Shahadat Hossain, Mohammad and Andersson, Karl",,,,,,"",10.1109/ACCESS.2025.3556964,Accuracy;Alzheimer's disease;Brain modeling;Data models;Semisupervised learning;Feature extractio...,,,""
rayyan-337046568,Prognostic Survival Analysis for AD Diagnosis and Progression Using MRI Data: An AI-Based Approach,2025,,,IEEE Access,2169-3536,13,,89059-89078,"Deenadayalan, T. and Shantharajah, S. P.",,,,,,"",10.1109/ACCESS.2025.3564611,Magnetic resonance imaging;Accuracy;Artificial intelligence;Neuroimaging;Predictive models;Data m...,,,""
rayyan-337046572,Computational Modeling of Dementia Prediction Using Deep Neural Network: Analysis on OASIS Dataset,2021,,,IEEE Access,2169-3536,9,,42449-42462,"Basheer, Shakila and Bhatia, Surbhi and Sakri, Sapiah Binti",,,,,,"",10.1109/ACCESS.2021.3066213,Feature extraction;Deep learning;Magnetic resonance imaging;Machine learning;Predictive models;Ne...,,,""
rayyan-337046573,Data Complexity Based Evaluation of the Model Dependence of Brain MRI Images for Classification of Brain Tumor and Alzheimer’s Disease,2022,,,IEEE Access,2169-3536,10,,112117-112133,"Kujur, Anima and Raza, Zahid and Khan, Arfat Ahmad and Wechtaisong, Chitapong",,,,,,"",10.1109/ACCESS.2022.3216393,Tumors;Diseases;Magnetic resonance imaging;Alzheimer's disease;Brain modeling;Complexity theory;D...,,,""
rayyan-337046574,Hyper-Ordinal Pattern: Measuring High-Order Connection Relationship in Brain Disease Networks,2025,,,IEEE Transactions on Neural Systems and Rehabilitation Engineering,1558-0210,33,,3040-3052,"Du, Tianyu and Ma, Kai and Yang, Xibei and Zhang, Daoqiang",,,,,,"",10.1109/TNSRE.2025.3595655,Diseases;Kernel;Correlation;Functional magnetic resonance imaging;Brain modeling;Alzheimer's dise...,,,""
rayyan-337046575,Clinically-Inspired Multzi-Agent Transformers for Disease Trajectory Forecasting From Multimodal Data,2024,1,,IEEE Transactions on Medical Imaging,1558-254X,43,1,529-541,"Nguyen, Huy Hoang and Blaschko, Matthew B. and Saarakkala, Simo and Tiulpin, Aleksei",,,,,,"",10.1109/TMI.2023.3312524,Transformers;Diseases;Prognostics and health management;Imaging;Task analysis;Medical services;Tr...,,,""
rayyan-337046579,EEG-Based Brain Functional Network Analysis for Differential Identification of Dementia-Related Disorders and Their Onset,2024,,,IEEE Transactions on Neural Systems and Rehabilitation Engineering,1558-0210,32,,1198-1209,"Adebisi, Abdulyekeen T. and Lee, Ho-Won and Veluvolu, Kalyana C.",,,,,,"",10.1109/TNSRE.2024.3374651,Electroencephalography;Electrodes;Diseases;Indexes;Complex networks;Network analyzers;Convolution...,,,""
rayyan-337046592,CirMNet: A Shape-Based Hybrid Feature Extraction Technique Using CNN and CMSMD for Alzheimer’s MRI Classification,2024,,,IEEE Access,2169-3536,12,,80491-80504,"Malu, G. and Uday, Nayana and Sherly, Elizabeth and Abraham, Ajith and Kuber Bodhey, Narendra",,,,,,"",10.1109/ACCESS.2024.3408311,Feature extraction;Convolutional neural networks;Shape;Magnetic resonance imaging;Convolution;Ker...,,,""
rayyan-337046602,Optimizing Machine Learning Models for Accessible Early Cognitive Impairment Prediction: A Novel Cost-Effective Model Selection Algorithm,2024,,,IEEE Access,2169-3536,12,,180792-180814,"Shubar, Abduelhakem G. and Ramakrishnan, Kannan and Ho, Chin-Kuan",,,,,,"",10.1109/ACCESS.2024.3505038,Accuracy;Predictive models;Machine learning;Machine learning algorithms;Diseases;Data models;Brai...,,,""
rayyan-337046603,Content-Based Brain Magnetic Resonance Image Retrieval and Classification With the Proposed Deep Learning and Tissue-Based System,2025,,,IEEE Access,2169-3536,13,,122684-122697,"Dogan, Bedriye and Burak Mutlu, Hursit and Yildirim, Muhammed and Yalcin, Sercan and Aslan, Serpil and Sampathila, Niranjana and Yildirim, Ozal and Ciaccio, Edward J. and Tan, Ru-San and Rajendra Acharya, U.",,,,,,"",10.1109/ACCESS.2025.3588211,Feature extraction;Diseases;Mathematical models;Magnetic resonance imaging;Brain modeling;Alzheim...,,,""
rayyan-337046612,Automated Recognition of Alzheimer’s Dementia Using Bag-of-Deep-Features and Model Ensembling,2021,,,IEEE Access,2169-3536,9,,88377-88390,"Syed, Zafi Sherhan and Syed, Muhammad Shehram Shah and Lech, Margaret and Pirogova, Elena",,,,,,"",10.1109/ACCESS.2021.3090321,Task analysis;Alzheimer's disease;Acoustics;Speech recognition;Medical diagnostic imaging;Bit err...,,,""
rayyan-337046614,Classification of Mild Cognitive Impairment Based on a Combined High-Order Network and Graph Convolutional Network,2020,,,IEEE Access,2169-3536,8,,42816-42827,"Song, Xuegang and Elazab, Ahmed and Zhang, Yuexin",,,,,,"",10.1109/ACCESS.2020.2974997,Feature extraction;Microsoft Windows;Time series analysis;Windows;Diseases;Sociology;Mild cogniti...,,,""
rayyan-337046632,Exploring Frequency Band-Based Biomarkers of EEG Signals for Mild Cognitive Impairment Detection,2024,,,IEEE Transactions on Neural Systems and Rehabilitation Engineering,1558-0210,32,,189-199,"Tawhid, Md. Nurul Ahad and Siuly, Siuly and Kabir, Enamul and Li, Yan",,,,,,"",10.1109/TNSRE.2023.3347032,Electroencephalography;Spectrogram;Time-frequency analysis;Biomarkers;Image segmentation;Australi...,,,""
rayyan-337046635,Comparing Multi-Dimensional fNIRS Features Using Bayesian Optimization-Based Neural Networks for Mild Cognitive Impairment (MCI) Detection,2023,,,IEEE Transactions on Neural Systems and Rehabilitation Engineering,1558-0210,31,,1019-1029,"Zhang, Chutian and Yang, Hongjun and Fan, Chen-Chen and Chen, Sheng and Fan, Chenyu and Hou, Zeng-Guang and Chen, Jingyao and Peng, Liang and Xiang, Kexin and Wu, Yi and Xie, Hongyu",,,,,,"",10.1109/TNSRE.2023.3236007,Functional near-infrared spectroscopy;Three-dimensional displays;Feature extraction;Convolutional...,,,""
rayyan-337046640,Deep Spatio-Temporal Attention-Based Recurrent Network From Dynamic Adaptive Functional Connectivity for MCI Identification,2022,,,IEEE Transactions on Neural Systems and Rehabilitation Engineering,1558-0210,30,,2600-2612,"Huang, Huifang and Liu, Qian and Jiang, Yiqiao and Yang, Qingyu and Zhu, Xiaofeng and Li, Yang",,,,,,"",10.1109/TNSRE.2022.3202713,Data mining;Time series analysis;Heuristic algorithms;Feature extraction;Deep learning;Adaptive s...,,,""
rayyan-337046645,Using EEG Signals and AI to Predict Neurodegenerative Diseases,2025,,,IEEE Access,2169-3536,13,,128879-128894,"Li, Juan and Zhang, Dongyuan and Lin, Wei and Liu, Wei",,,,,,"",10.1109/ACCESS.2025.3586363,Electroencephalography;Diseases;Brain modeling;Predictive models;Feature extraction;Accuracy;Deep...,,,""
rayyan-337046655,Longitudinal Alzheimer's Disease Progression Prediction With Modality Uncertainty anclear d Optimization of Information Flow,2025,1,,IEEE Journal of Biomedical and Health Informatics,2168-2208,29,1,259-272,"Dao, Duy-Phuong and Yang, Hyung-Jeong and Kim, Jahae and Ho, Ngoc-Huynh and for the Alzheimer's Disease Neuroimaging Initiative",,,,,,"",10.1109/JBHI.2024.3472462,Uncertainty;Neuroimaging;Logic gates;Magnetic resonance imaging;Alzheimer's disease;Predictive mo...,,,""
rayyan-337046656,Volumetric Feature-Based Alzheimer’s Disease Diagnosis From sMRI Data Using a Convolutional Neural Network and a Deep Neural Network,2021,,,IEEE Access,2169-3536,9,,29870-29882,"Basher, Abol and Kim, Byeong C. and Lee, Kun Ho and Jung, Ho Yub",,,,,,"",10.1109/ACCESS.2021.3059658,Feature extraction;Diseases;Alzheimer's disease;Biomarkers;Hippocampus;Brain modeling;Atrophy;Hip...,,,""
rayyan-337046657,Explainable Artificial Intelligence of Multi-Level Stacking Ensemble for Detection of Alzheimer’s Disease Based on Particle Swarm Optimization and the Sub-Scores of Cognitive Biomarkers,2023,,,IEEE Access,2169-3536,11,,123173-123193,"AlMohimeed, Abdulaziz and Saad, Redhwan M. A. and Mostafa, Sherif and El-Rashidy, Nora Mahmoud and Farrag, Sarah and Gaballah, Abdelkareem and Elaziz, Mohamed Abd and El-Sappagh, Shaker and Saleh, Hager",,,,,,"",10.1109/ACCESS.2023.3328331,Stacking;Support vector machines;Magnetic resonance imaging;Diseases;Alzheimer's disease;Brain mo...,,,""
rayyan-337046664,Early Diagnosis of Alzheimer’s Disease Using 18F-FDG PET With Soften Latent Representation,2024,,,IEEE Access,2169-3536,12,,87923-87933,"Rehman, Abdul and Yi, Myung-Kyu and Majeed, Abdul and Hwang, Seong Oun",,,,,,"",10.1109/ACCESS.2024.3418508,Feature extraction;Accuracy;Convolutional neural networks;Positron emission tomography;Brain mode...,,,""
rayyan-337046665,ADAM-1: An AI Reasoning and Bioinformatics Model for Alzheimer’s Disease Detection and Microbiome-Clinical Data Integration,2025,,,IEEE Access,2169-3536,13,,145953-145967,"Huang, Ziyuan and Kaur Sekhon, Vishaldeep and Sadeghian, Roozbeh and Vaida, Maria L. and Jo, Cynthia and McCormick, Beth A. and Ward, Doyle V. and Bucci, Vanni and Haran, John P.",,,,,,"",10.1109/ACCESS.2025.3599857,Microorganisms;Diseases;Alzheimer's disease;Cognition;Medical diagnostic imaging;Artificial intel...,,,""
rayyan-337046666,Alzheimer’s Disease Detection Using Comprehensive Analysis of Timed Up and Go Test via Kinect V.2 Camera and Machine Learning,2022,,,IEEE Transactions on Neural Systems and Rehabilitation Engineering,1558-0210,30,,1589-1600,"Seifallahi, Mahmoud and Mehraban, Afsoon Hasani and Galvin, James E. and Ghoraani, Behnaz",,,,,,"",10.1109/TNSRE.2022.3181252,Cameras;Recording;Diseases;Depression;Feature extraction;Machine learning;Legged locomotion;Alzhe...,,,""
rayyan-337046667,CLADSI: Deep Continual Learning for Alzheimer's Disease Stage Identification Using Accelerometer Data,2024,6,,IEEE Journal of Biomedical and Health Informatics,2168-2208,28,6,3401-3410,"Bringas, Santos and Duque, Rafael and Lage, Carmen and Montaña, José Luis",,,,,,"",10.1109/JBHI.2024.3392354,Task analysis;Alzheimer's disease;Convolutional neural networks;Accelerometers;Monitoring;Trainin...,,,""
rayyan-337046668,Diagnosis and Detection of Alzheimer's Disease Using Learning Algorithm,2023,12,,Big Data Mining and Analytics,2097-406X,6,4,504-512,"Shukla, Gargi Pant and Kumar, Santosh and Pandey, Saroj Kumar and Agarwal, Rohit and Varshney, Neeraj and Kumar, Ankit",,,,,,"",10.26599/BDMA.2022.9020049,Training;Histograms;Sensitivity;Magnetic resonance imaging;Computed tomography;Gray-scale;Classif...,,,""
rayyan-337046669,Automated Detection of Alzheimer’s Disease and Mild Cognitive Impairment Using Whole Brain MRI,2022,,,IEEE Access,2169-3536,10,,65055-65066,"Faisal, Fazal Ur Rehman and Kwon, Goo-Rak",,,,,,"",10.1109/ACCESS.2022.3180073,Feature extraction;Magnetic resonance imaging;Convolutional neural networks;Alzheimer's disease;T...,,,""
rayyan-337046671,Early Detection of Alzheimer's Disease with Blood Plasma Proteins Using Support Vector Machines,2021,1,,IEEE Journal of Biomedical and Health Informatics,2168-2208,25,1,218-226,"Eke, Chima S. and Jammeh, Emmanuel and Li, Xinzhong and Carroll, Camille and Pearson, Stephen and Ifeachor, Emmanuel",,,,,,"",10.1109/JBHI.2020.2984355,Biomarkers;Proteins;Blood;Biological system modeling;Dementia;Support vector machines;Alzheimer's...,,,""
rayyan-337046672,Deviation From Model of Normal Aging in Alzheimer’s Disease: Application of Deep Learning to Structural MRI Data and Cognitive Tests,2022,,,IEEE Access,2169-3536,10,,53234-53249,"Habuza, Tetiana and Zaki, Nazar and Mohamed, Elfadil A. and Statsenko, Yauhen",,,,,,"",10.1109/ACCESS.2022.3174601,Magnetic resonance imaging;Brain modeling;Brain;Alzheimer's disease;Reliability;Predictive models...,,,""
rayyan-337046674,Graph Reasoning Module for Alzheimer’s Disease Diagnosis: A Plug-and-Play Method,2023,,,IEEE Transactions on Neural Systems and Rehabilitation Engineering,1558-0210,31,,4773-4780,"Fan, Chen-Chen and Yang, Hongjun and Zhang, Chutian and Peng, Liang and Zhou, Xiaohu and Liu, Shiqi and Chen, Sheng and Hou, Zeng-Guang",,,,,,"",10.1109/TNSRE.2023.3337533,Feature extraction;Three-dimensional displays;Convolutional neural networks;Transformers;Convolut...,,,""
rayyan-337046675,Efficient Deep Retinal Fundus Image-Based Network for Alzheimer’s Disease Diagnosis Using Mobile Device Applications,2024,,,IEEE Access,2169-3536,12,,79166-79176,"Young Kim, do and Keun Kim, Ho and Jun Lim, Young and Sunwoo, Myung Hoon",,,,,,"",10.1109/ACCESS.2024.3396153,Retina;Training;Magnetic resonance imaging;Computational modeling;Three-dimensional displays;Comp...,,,""
rayyan-337046676,An Improved Deep Learning Unsupervised Approach for MRI Tissue Segmentation for Alzheimer’s Disease Detection,2024,,,IEEE Access,2169-3536,12,,188114-188121,"Kumar, Karan and Suwalka, Isha and Uche-Ezennia, Adaora and Iwendi, Celestine and Biamba, Cresantus N.",,,,,,"",10.1109/ACCESS.2024.3510454,Magnetic resonance imaging;Feature extraction;Convolutional neural networks;Noise;Diseases;Deep l...,,,""
rayyan-337046678,Explainable Tensor Multi-Task Ensemble Learning Based on Brain Structure Variation for Alzheimer’s Disease Dynamic Prediction,2023,,,IEEE Journal of Translational Engineering in Health and Medicine,2168-2372,11,,1-12,"Zhang, Yu and Liu, Tong and Lanfranchi, Vitaveska and Yang, Po",,,,,,"",10.1109/JTEHM.2022.3219775,Biomarkers;Tensors;Magnetic resonance imaging;Biological system modeling;Correlation;Brain modeli...,,,""
rayyan-337046679,Novel Classification Scheme for Early Alzheimer's Disease (AD) Severity Diagnosis Using Deep Features of the Hybrid Cascade Attention Architecture: Early Detection of AD on MRI Scans,2025,12,,Tsinghua Science and Technology,1007-0214,30,6,2572-2591,"Khosravi, Mohamadreza and Parsaei, Hossein and Rezaee, Khosro",,,,,,"",10.26599/TST.2024.9010080,Accuracy;Attention mechanisms;Magnetic resonance imaging;Medical treatment;Computer architecture;...,,,""
rayyan-337046680,Leveraging Bi-Focal Perspectives and Granular Feature Integration for Accurate Reliable Early Alzheimer’s Detection,2025,,,IEEE Access,2169-3536,13,,28678-28692,"Venkatraman, Shravan and Pandiyaraju, V. and Abeshek, A. and Kumar, S. Pavan and Aravintakshan, S. A.",,,,,,"",10.1109/ACCESS.2025.3540567,Magnetic resonance imaging;Alzheimer's disease;Feature extraction;Solid modeling;Accuracy;Brain m...,,,""
rayyan-337046681,Design of a CNN–Swin Transformer Model for Alzheimer’s Disease Prediction Using MRI Images,2025,,,IEEE Access,2169-3536,13,,149409-149429,"Velu, K. and Jaisankar, N.",,,,,,"",10.1109/ACCESS.2025.3602316,Magnetic resonance imaging;Alzheimer's disease;Transformers;Accuracy;Feature extraction;Brain mod...,,,""
rayyan-337046682,Secure IoT Assistant-Based System for Alzheimer’s Disease,2022,,,IEEE Access,2169-3536,10,,44305-44314,"Chokri, Rania and Hanini, Wasma and Daoud, Wided Ben and Chelloug, Samia Allaoua and Makhlouf, Amel Meddeb",,,,,,"",10.1109/ACCESS.2022.3168311,Alzheimer's disease;Magnetic resonance imaging;Prototypes;Deep learning;Diseases;Convolutional ne...,,,""
rayyan-337046683,Gradual Variation-Based Dual-Stream Deep Learning for Spatial Feature Enhancement With Dimensionality Reduction in Early Alzheimer’s Disease Detection,2025,,,IEEE Access,2169-3536,13,,31701-31717,"Hassan, Najmul and Miah, Abu Saleh Musa and Suzuki, Taro and Shin, Jungpil",,,,,,"",10.1109/ACCESS.2025.3542458,Magnetic resonance imaging;Accuracy;Feature extraction;Brain modeling;Wavelet transforms;Diseases...,,,""
rayyan-337046684,XAI-Based Assessment of the AMURA Model for Detecting Amyloid-β and Tau Microstructural Signatures in Alzheimer’s Disease,2024,,,IEEE Journal of Translational Engineering in Health and Medicine,2168-2372,12,,569-579,"Brusini, Lorenza and Cruciani, Federica and Dall’Aglio, Gabriele and Zajac, Tommaso and Boscolo Galazzo, Ilaria and Zucchelli, Mauro and Menegaz, Gloria",,,,,,"",10.1109/JTEHM.2024.3430035,Explainable AI;Diffusion tensor imaging;Biomedical imaging;Pathology;Alzheimer's disease;Support ...,,,""
rayyan-337046687,A Novel Approach to the Prediction of Alzheimer’s Disease Progression by Leveraging Neural Processes and a Transformer Encoder Model,2025,,,IEEE Access,2169-3536,13,,44607-44619,"Al-Anbari, Emad and Karshenas, Hossein and Shoushtarian, Bijan",,,,,,"",10.1109/ACCESS.2025.3548173,Predictive models;Data models;Brain modeling;Alzheimer's disease;Magnetic resonance imaging;Solid...,,,""
rayyan-337046688,Adversarial Learning for MRI Reconstruction and Classification of Cognitively Impaired Individuals,2024,,,IEEE Access,2169-3536,12,,83169-83182,"Zhou, Xiao and Balachandra, Akshara R. and Romano, Michael F. and Peter Chin, Sang and Au, Rhoda and Kolachalama, Vijaya B.",,,,,,"",10.1109/ACCESS.2024.3408840,Magnetic resonance imaging;Image reconstruction;Biomedical imaging;Generative adversarial network...,,,""
rayyan-337046689,Multi-Source Transfer Learning via Ensemble Approach for Initial Diagnosis of Alzheimer’s Disease,2020,,,IEEE Journal of Translational Engineering in Health and Medicine,2168-2372,8,,1-10,"Yang, Yun and Li, Xinfa and Wang, Pei and Xia, Yuelong and Ye, Qiongwei",,,,,,"",10.1109/JTEHM.2020.2984601,Alzheimer's disease;Medical diagnostic imaging;Training;Heuristic algorithms;Machine learning;Tas...,,,""
rayyan-337046690,Diagnosis of Alzheimer’s Disease Using Convolutional Neural Network With Select Slices by Landmark on Hippocampus in MRI Images,2023,,,IEEE Access,2169-3536,11,,61688-61697,"Pusparani, Yori and Lin, Chih-Yang and Jan, Yih-Kuen and Lin, Fu-Yu and Liau, Ben-Yi and Ardhianto, Peter and Farady, Isack and Alex, John Sahaya Rani and Aparajeeta, Jeetashree and Chao, Wen-Hung and Lung, Chi-Wen",,,,,,"",10.1109/ACCESS.2023.3285115,Magnetic resonance imaging;Hippocampus;Medical diagnostic imaging;Machine learning;Databases;Alzh...,,,""
rayyan-337046691,Functional Brain Network Measures for Alzheimer’s Disease Classification,2023,,,IEEE Access,2169-3536,11,,111832-111845,"Wang, Luyun and Sheng, Jinhua and Zhang, Qiao and Zhou, Rougang and Li, Zhongjin and Xin, Yu and Zhang, Qian",,,,,,"",10.1109/ACCESS.2023.3323250,Functional magnetic resonance imaging;Alzheimer's disease;Graph theory;Machine learning;Area meas...,,,""
rayyan-337046692,Classification of Brain Volumetric Data to Determine Alzheimer’s Disease Using Artificial Bee Colony Algorithm as Feature Selector,2022,,,IEEE Access,2169-3536,10,,82989-83001,"Kaya Keleş, Mümine and Kiliç, Ümit",,,,,,"",10.1109/ACCESS.2022.3196649,Magnetic resonance imaging;Support vector machines;Diseases;Feature extraction;Data mining;Alzhei...,,,""
rayyan-337046693,AttCORAL: Domain-Adaptive Attention Networks for Early Alzheimer’s Disease Diagnosis,2025,,,IEEE Access,2169-3536,13,,109503-109512,"Hoang, Gia Minh and Hoang, Nhat and Thu, Tran Thi Hoai and Nghia, Hoang Tien Trong and Kim, Jae Gwan",,,,,,"",10.1109/ACCESS.2025.3580780,Vectors;Magnetic resonance imaging;Alzheimer's disease;Brain modeling;Adaptation models;Attention...,,,""
rayyan-337046694,AlzheimerNet: An Effective Deep Learning Based Proposition for Alzheimer’s Disease Stages Classification From Functional Brain Changes in Magnetic Resonance Images,2023,,,IEEE Access,2169-3536,11,,16376-16395,"Shamrat, F M Javed Mehedi and Akter, Shamima and Azam, Sami and Karim, Asif and Ghosh, Pronab and Tasnim, Zarrin and Hasib, Khan Md. and De Boer, Friso and Ahmed, Kawsar",,,,,,"",10.1109/ACCESS.2023.3244952,Alzheimer's disease;Magnetic resonance imaging;Brain modeling;Deep learning;Data models;Databases...,,,""
rayyan-337046695,A Novel Convolutional Variation of Broad Learning System for Alzheimer’s Disease Diagnosis by Using MRI Images,2020,,,IEEE Access,2169-3536,8,,214646-214657,"Han, Ruizhi and Chen, C. L. Philip and Liu, Zhulin",,,,,,"",10.1109/ACCESS.2020.3040340,Magnetic resonance imaging;Alzheimer's disease;Medical diagnostic imaging;Feature extraction;Clas...,,,""
rayyan-337046696,sMRI-PatchNet: A Novel Efficient Explainable Patch-Based Deep Learning Network for Alzheimer’s Disease Diagnosis With Structural MRI,2023,,,IEEE Access,2169-3536,11,,108603-108616,"Zhang, Xin and Han, Liangxiu and Han, Lianghao and Chen, Haoming and Dancey, Darren and Zhang, Daoqiang",,,,,,"",10.1109/ACCESS.2023.3321220,Feature extraction;Diseases;Three-dimensional displays;Brain modeling;Atrophy;Deep learning;Magne...,,,""
rayyan-337046697,Multimodal 3D Deep Learning for Early Diagnosis of Alzheimer’s Disease,2024,,,IEEE Access,2169-3536,12,,46278-46289,"Kim, Seung Kyu and Duong, Quan Anh and Gahm, Jin Kyu",,,,,,"",10.1109/ACCESS.2024.3381862,Feature extraction;Three-dimensional displays;Magnetic resonance imaging;Convolution;Solid modeli...,,,""
rayyan-337046698,A Novel Method to Identify Mild Cognitive Impairment Using Dynamic Spatio-Temporal Graph Neural Network,2024,,,IEEE Transactions on Neural Systems and Rehabilitation Engineering,1558-0210,32,,3328-3337,"An, Xingwei and Zhou, Yutao and Di, Yang and Han, Ying and Ming, Dong",,,,,,"",10.1109/TNSRE.2024.3450443,Graph neural networks;Convolution;Brain modeling;Alzheimer's disease;Feature extraction;Functiona...,,,""
rayyan-337046699,ADD-Net: An Effective Deep Learning Model for Early Detection of Alzheimer Disease in MRI Scans,2022,,,IEEE Access,2169-3536,10,,96930-96951,"Fareed, Mian Muhammad Sadiq and Zikria, Shahid and Ahmed, Gulnaz and Mui-Zzud-Din and Mahmood, Saqib and Aslam, Muhammad and Jillani, Syeda Fizzah and Moustafa, Ahmad and Asad, Muhammad",,,,,,"",10.1109/ACCESS.2022.3204395,Convolutional neural networks;Diseases;Alzheimer's disease;Brain modeling;Magnetic resonance imag...,,,""
rayyan-337046700,DeepCurvMRI: Deep Convolutional Curvelet Transform-Based MRI Approach for Early Detection of Alzheimer’s Disease,2023,,,IEEE Access,2169-3536,11,,44650-44659,"Chabib, Chahd M. and Hadjileontiadis, Leontios J. and Shehhi, Aamna Al",,,,,,"",10.1109/ACCESS.2023.3272482,Magnetic resonance imaging;Feature extraction;Computed tomography;Alzheimer's disease;Convolution...,,,""
rayyan-337046701,DICE-Net: A Novel Convolution-Transformer Architecture for Alzheimer Detection in EEG Signals,2023,,,IEEE Access,2169-3536,11,,71840-71858,"Miltiadous, Andreas and Gionanidis, Emmanouil and Tzimourta, Katerina D. and Giannakeas, Nikolaos and Tzallas, Alexandros T.",,,,,,"",10.1109/ACCESS.2023.3294618,Electroencephalography;Transformers;Feature extraction;Brain modeling;Alzheimer's disease;Deep le...,,,""
rayyan-337046702,Unlocking the Potential of XAI for Improved Alzheimer’s Disease Detection and Classification Using a ViT-GRU Model,2024,,,IEEE Access,2169-3536,12,,8390-8412,"Mahim, S. M. and Ali, Md. Shahin and Hasan, Md. Olid and Nafi, Abdullah Al Nomaan and Sadat, Arefin and Hasan, Shakib Al and Shareef, Bryar and Ahsan, Md. Manjurul and Islam, Md. Khairul and Miah, Md. Sipon and Niu, Ming-Bo",,,,,,"",10.1109/ACCESS.2024.3351809,Magnetic resonance imaging;Brain modeling;Computational modeling;Biological system modeling;Solid...,,,""
rayyan-337046703,Enhancing Chronic Disease Prediction in IoMT-Enabled Healthcare 5.0 Using Deep Machine Learning: Alzheimer’s Disease as a Case Study,2025,,,IEEE Access,2169-3536,13,,14252-14272,"Javed, Rabia and Abbas, Tahir and Shahzad, Tariq and Kanwal, Khadija and Ali Ramay, Sadaqat and Adnan Khan, Muhammad and Ouahada, Khmaies",,,,,,"",10.1109/ACCESS.2025.3525514,Diseases;Medical services;Machine learning;Medical diagnostic imaging;Predictive models;Machine l...,,,""
rayyan-337046706,A Multimodal Approach for Early Identification of Mild Cognitive Impairment and Alzheimer’s Disease With Fusion Network Using Eye Movements and Speech,2025,,,IEEE Transactions on Neural Systems and Rehabilitation Engineering,1558-0210,33,,1449-1459,"Shah, Hasnain Ali and Andberg, Sami and Koivisto, Anne M. and Bednarik, Roman",,,,,,"",10.1109/TNSRE.2025.3561043,Gaze tracking;Diseases;Alzheimer's disease;Feature extraction;Pupils;Accuracy;Visualization;Stand...,,,""
rayyan-337046707,Weighted Multi-Modal Contrastive Learning Based Hybrid Network for Alzheimer’s Disease Diagnosis,2025,,,IEEE Transactions on Neural Systems and Rehabilitation Engineering,1558-0210,33,,1135-1144,"Yu, Renping and Peng, Chao and Zhu, Jixiang and Chen, Mingming and Zhang, Rui",,,,,,"",10.1109/TNSRE.2025.3549730,Contrastive learning;Magnetic resonance imaging;Representation learning;Information exchange;Alzh...,,,""
rayyan-337046708,LEADNet: Detection of Alzheimer’s Disease Using Spatiotemporal EEG Analysis and Low-Complexity CNN,2024,,,IEEE Access,2169-3536,12,,113888-113897,"Puri, Digambar V. and Kachare, Pramod H. and Sangle, Sandeep B. and Kirner, Raimund and Jabbari, Abdoh and Al-Shourbaji, Ibrahim and Abdalraheem, Mohammed and Alameen, Abdalla",,,,,,"",10.1109/ACCESS.2024.3435768,Electroencephalography;Brain modeling;Feature extraction;Convolutional neural networks;Alzheimer'...,,,""
rayyan-337046709,DEMNET: A Deep Learning Model for Early Diagnosis of Alzheimer Diseases and Dementia From MR Images,2021,,,IEEE Access,2169-3536,9,,90319-90329,"Murugan, Suriya and Venkatesan, Chandran and Sumithra, M. G. and Gao, Xiao-Zhi and Elakkiya, B. and Akila, M. and Manoharan, S.",,,,,,"",10.1109/ACCESS.2021.3090474,Magnetic resonance imaging;Feature extraction;Alzheimer's disease;Brain modeling;Deep learning;Ne...,,,""
rayyan-337046711,Improving Alzheimer’s Detection With Deep Learning and Image Processing Techniques,2024,,,IEEE Access,2169-3536,12,,153445-153456,"Alwakid, Ghadah Naif and Tahir, Sidra and Humayun, Mamoona and Gouda, Walaa",,,,,,"",10.1109/ACCESS.2024.3481238,Magnetic resonance imaging;Accuracy;Feature extraction;Brain modeling;Alzheimer's disease;Image e...,,,""
rayyan-337046712,Leveraging Brain MRI for Biomedical Alzheimer’s Disease Diagnosis Using Enhanced Manta Ray Foraging Optimization Based Deep Learning,2023,,,IEEE Access,2169-3536,11,,81921-81929,"Jamalullah, R. Syed and Gladence, L. Mary and Ahmed, Mohammed Altaf and Lydia, E. Laxmi and Ishak, Mohamad Khairi and Hadjouni, Myriam and Mostafa, Samih M.",,,,,,"",10.1109/ACCESS.2023.3294711,Magnetic resonance imaging;Feature extraction;Diseases;Brain modeling;Convolutional neural networ...,,,""
rayyan-337046714,EEG Signal Processing for Alzheimer’s Disorders Using Discrete Wavelet Transform and Machine Learning Approaches,2022,,,IEEE Access,2169-3536,10,,89781-89797,"AlSharabi, Khalil and Bin Salamah, Yasser and Abdurraqeeb, Akram M. and Aljalal, Majid and Alturki, Fahd A.",,,,,,"",10.1109/ACCESS.2022.3198988,Electroencephalography;Feature extraction;Alzheimer's disease;Support vector machines;Diseases;Di...,,,""
rayyan-337046715,Alzheimer’s Disease and Mild Cognitive Impairment Detection Using sMRI With Efficient Receptive Field and Enhanced Multi-Axis Attention Fusion,2024,,,IEEE Access,2169-3536,12,,100848-100861,"Khatri, Uttam and Kim, Jun-Hyung and Kwon, Goo-Rak",,,,,,"",10.1109/ACCESS.2024.3430325,Alzheimer's disease;Transformers;Brain modeling;Task analysis;Magnetic resonance imaging;Feeds;At...,,,""
rayyan-337046716,Automatic Early Diagnosis of Alzheimer’s Disease Using 3D Deep Ensemble Approach,2022,,,IEEE Access,2169-3536,10,,115974-115987,"Gamal, Aya and Elattar, Mustafa and Selim, Sahar",,,,,,"",10.1109/ACCESS.2022.3218621,Three-dimensional displays;Magnetic resonance imaging;Alzheimer's disease;Ensemble learning;Convo...,,,""
rayyan-337046717,A Novel Image Casting and Fusion for Identifying Individuals at Risk of Alzheimer’s Disease Using MRI and PET Imaging,2024,,,IEEE Access,2169-3536,12,,134101-134114,"Fakoya, Adediji A. and Parkinson, Simon",,,,,,"",10.1109/ACCESS.2024.3412850,Diseases;Alzheimer's disease;Imaging;Magnetic resonance imaging;Three-dimensional displays;Convol...,,,""
rayyan-337046718,Integrating Multimodal AI Techniques and MRI Preprocessing for Enhanced Diagnosis of Alzheimer’s Disease: Clinical Applications and Research Horizons,2025,,,IEEE Access,2169-3536,13,,63519-63531,"Chakravarthi, Bandaru A and Shivakanth, Gandla",,,,,,"",10.1109/ACCESS.2025.3557533,Magnetic resonance imaging;Alzheimer's disease;Artificial intelligence;Diseases;Feature extractio...,,,""
rayyan-337046719,Federated Explainable AI-Based Alzheimer’s Disease Prediction With Multimodal Data,2025,,,IEEE Access,2169-3536,13,,43435-43454,"Jahan, Sobhana and Saif Adib, Md. Rawnak and Huda, Syed Mahmudul and Rahman, Md. Sazzadur and Kaiser, M. Shamim and Sanwar Hosen, A. S. M. and Ghimire, Deepak and Park, Mi Jin",,,,,,"",10.1109/ACCESS.2025.3547343,Data models;Data privacy;Diseases;Medical services;Explainable AI;Accuracy;Alzheimer's disease;Co...,,,""
rayyan-337046720,DMA-HPCNet: Dual Multi-Level Attention Hybrid Pyramid Convolution Neural Network for Alzheimer’s Disease Classification,2024,,,IEEE Transactions on Neural Systems and Rehabilitation Engineering,1558-0210,32,,1955-1964,"Mu, Shiguan and Shan, Shixiao and Li, Lanlan and Jing, Shuiqing and Li, Ruohan and Zheng, Chunhou and Cui, Xinchun",,,,,,"",10.1109/TNSRE.2024.3398640,Feature extraction;Convolution;Magnetic resonance imaging;Brain modeling;Computational modeling;A...,,,""
rayyan-337046722,TriAD: A Deep Ensemble Network for Alzheimer Classification and Localization,2023,,,IEEE Access,2169-3536,11,,91969-91980,"Mercaldo, Francesco and Giammarco, Marcello Di and Ravelli, Fabrizio and Martinelli, Fabio and Santone, Antonella and Cesarelli, Mario",,,,,,"",10.1109/ACCESS.2023.3307702,Magnetic resonance imaging;Alzheimer's disease;Location awareness;Convolutional codes;Deep learni...,,,""
rayyan-337046723,ADPM: An Alzheimer’s Disease Prediction Model for Time Series Neuroimage Analysis,2020,,,IEEE Access,2169-3536,8,,62601-62609,"Hong, Xin and Lin, Rongjie and Yang, Chenhui and Cai, Chunting and Clawson, Kathy",,,,,,"",10.1109/ACCESS.2020.2979969,Dementia;Feature extraction;Forestry;Predictive models;Diffusion tensor imaging;Alzheimer’s disea...,,,""
rayyan-337046724,Classification of Alzheimer’s Disease Using Ensemble Convolutional Neural Network With LFA Algorithm,2023,,,IEEE Access,2169-3536,11,,143004-143015,"Kim, Chang-Min and Lee, Woobeom",,,,,,"",10.1109/ACCESS.2023.3342917,Magnetic resonance imaging;Convolutional neural networks;Diseases;Brain modeling;Alzheimer's dise...,,,""
rayyan-337046726,EEG-Based Graph Neural Network Classification of Alzheimer’s Disease: An Empirical Evaluation of Functional Connectivity Methods,2022,,,IEEE Transactions on Neural Systems and Rehabilitation Engineering,1558-0210,30,,2651-2660,"Klepl, Dominik and He, Fei and Wu, Min and Blackburn, Daniel J. and Sarrigiannis, Ptolemaios",,,,,,"",10.1109/TNSRE.2022.3204913,Electroencephalography;Brain modeling;Couplings;Biological system modeling;Particle measurements;...,,,""
rayyan-337046729,A Novel Deep Learning Architecture Optimization for Multiclass Classification of Alzheimer’s Disease Level,2024,,,IEEE Access,2169-3536,12,,46562-46581,"Kaya, Mahır and Çetın-Kaya, Yasemın",,,,,,"",10.1109/ACCESS.2024.3382947,Alzheimer's disease;Convolutional neural networks;Training;Magnetic resonance imaging;Feature ext...,,,""
rayyan-337046731,An Improved LeNet-Deep Neural Network Model for Alzheimer’s Disease Classification Using Brain Magnetic Resonance Images,2021,,,IEEE Access,2169-3536,9,,161194-161207,"Hazarika, Ruhul Amin and Abraham, Ajith and Kandar, Debdatta and Maji, Arnab Kumar",,,,,,"",10.1109/ACCESS.2021.3131741,Mathematical models;Solid modeling;Neurons;Magnetic resonance imaging;Diseases;Brain modeling;Too...,,,""
rayyan-337046732,Resting State fMRI and Improved Deep Learning Algorithm for Earlier Detection of Alzheimer’s Disease,2020,,,IEEE Access,2169-3536,8,,115383-115392,"Guo, Haibing and Zhang, Yongjin",,,,,,"",10.1109/ACCESS.2020.3003424,Functional magnetic resonance imaging;Alzheimer's disease;Deep learning;Data models;Brain modelin...,,,""
rayyan-337046735,A Deep Convolutional Neural Networks Based Approach for Alzheimer’s Disease and Mild Cognitive Impairment Classification Using Brain Images,2022,,,IEEE Access,2169-3536,10,,99066-99076,"Hazarika, Ruhul Amin and Kandar, Debdatta and Maji, Arnab Kumar",,,,,,"",10.1109/ACCESS.2022.3206389,Brain modeling;Computational modeling;Alzheimer's disease;Training data;Magnetic resonance imagin...,,,""
rayyan-337046738,A New Minimum Spanning Tree-Based Analysis of EEG and MEG With Application to Classification of Alzheimer’s Disease,2025,,,IEEE Access,2169-3536,13,,119023-119037,"Biglari, Hadis and Boostani, Reza and Yazdi, Mehran and Sanei, Saeid",,,,,,"",10.1109/ACCESS.2025.3585196,Electroencephalography;Alzheimer's disease;Indexes;Accuracy;Neuroimaging;Feature extraction;Funct...,,,""
rayyan-337046740,Dual Attention Convolutional AutoEncoder for Diagnosis of Alzheimer’s Disorder in Patients Using Neuroimaging and MRI Features,2024,,,IEEE Access,2169-3536,12,,58722-58739,"Al-Otaibi, Shaha and Mujahid, Muhammad and Khan, Amjad Rehman and Nobanee, Haitham and Alyami, Jaber and Saba, Tanzila",,,,,,"",10.1109/ACCESS.2024.3390186,Alzheimer's disease;Magnetic resonance imaging;Feature extraction;Brain modeling;Deep learning;Co...,,,""
rayyan-337046741,Adaptive Gated Graph Convolutional Network for Explainable Diagnosis of Alzheimer’s Disease Using EEG Data,2023,,,IEEE Transactions on Neural Systems and Rehabilitation Engineering,1558-0210,31,,3978-3987,"Klepl, Dominik and He, Fei and Wu, Min and Blackburn, Daniel J. and Sarrigiannis, Ptolemaios",,,,,,"",10.1109/TNSRE.2023.3321634,Electroencephalography;Convolutional neural networks;Electrodes;Logic gates;Brain modeling;Graph ...,,,""
rayyan-337046742,Explainable Machine Learning Model for Alzheimer Detection Using Genetic Data: A Genome-Wide Association Study Approach,2024,,,IEEE Access,2169-3536,12,,95091-95105,"Khater, Tarek and Ansari, Sam and Saad Alatrany, Abbas and Alaskar, Haya and Mahmoud, Soliman and Turky, Ayad and Tawfik, Hissam and Almajali, Eqab and Hussain, Abir",,,,,,"",10.1109/ACCESS.2024.3410135,Alzheimer's disease;Genetics;Artificial intelligence;Genomics;Bioinformatics;Support vector machi...,,,""
rayyan-337046743,Classification Study of Alzheimer’s Disease Based on Self-Attention Mechanism and DTI Imaging Using GCN,2024,,,IEEE Access,2169-3536,12,,24387-24395,"Sang, Yilin and Li, Wan",,,,,,"",10.1109/ACCESS.2024.3364545,Diffusion tensor imaging;White matter;Optical fiber networks;Alzheimer's disease;Brain modeling;F...,,,""
rayyan-337046744,Dual-3DM3AD: Mixed Transformer Based Semantic Segmentation and Triplet Pre-Processing for Early Multi-Class Alzheimer’s Diagnosis,2024,,,IEEE Transactions on Neural Systems and Rehabilitation Engineering,1558-0210,32,,696-707,"Khan, Arfat Ahmad and Mahendran, Rakesh Kumar and Perumal, Kumar and Faheem, Muhammad",,,,,,"",10.1109/TNSRE.2024.3357723,Alzheimer's disease;Feature extraction;Magnetic resonance imaging;Deep learning;Complexity theory...,,,""
rayyan-337046745,Early Diagnosis of Alzheimer’s Disease Using Adaptive Neuro K-Means Clustering Technique,2025,,,IEEE Access,2169-3536,13,,22774-22783,"Kumar, Karan and Agrawal, Shweta and Suwalka, Isha and Iwendi, Celestine and Biamba, Cresantus N.",,,,,,"",10.1109/ACCESS.2025.3533638,Diseases;Magnetic resonance imaging;Feature extraction;Alzheimer's disease;Medical diagnostic ima...,,,""
rayyan-337046749,Accelerating Training of Convolutional Neural Networks With Hessian-Free Optimization for Detecting Alzheimer’s Disease in Brain MRI,2024,,,IEEE Access,2169-3536,12,,176184-176198,"Pafitis, Marios and Constantinou, Maria and Christodoulou, Chris",,,,,,"",10.1109/ACCESS.2024.3487114,Convolutional neural networks;Magnetic resonance imaging;Hafnium oxide;Diseases;Training;Alzheime...,,,""
rayyan-337046750,A Multi-Modal Classification Method for Early Diagnosis of Mild Cognitive Impairment and Alzheimer’s Disease Using Three Paradigms With Various Task Difficulties,2024,,,IEEE Transactions on Neural Systems and Rehabilitation Engineering,1558-0210,32,,1477-1486,"Chen, Sheng and Zhang, Chutian and Yang, Hongjun and Peng, Liang and Xie, Haiqun and Lv, Zeping and Hou, Zeng-Guang",,,,,,"",10.1109/TNSRE.2024.3379891,Feature extraction;Electroencephalography;Task analysis;Convolution;Brain modeling;Support vector...,,,""
rayyan-337046751,Advancing Early Diagnosis: Predicting Mild Cognitive Impairment Progression in Normal Individuals Using Deep Learning on MRI Features,2025,,,IEEE Access,2169-3536,13,,122591-122602,"Baktash, Abdullah and Sarbaz, Yashar and Meshgini, Saeed and Afrouzian, Reza",,,,,,"",10.1109/ACCESS.2025.3588801,Feature extraction;Diseases;Deep learning;Accuracy;Three-dimensional displays;Brain modeling;Conv...,,,""
rayyan-337046753,Dynamic Adjacency Matrix Learning and Multi-Order Random Walk Aggregation for Alzheimer’s Disease Diagnosis From Resting-State fMRI,2025,,,IEEE Access,2169-3536,13,,119427-119442,"Guan, Zhaoyang and Li, Jierui and Liu, Yuxin and Shan, Xianrui",,,,,,"",10.1109/ACCESS.2025.3587286,Brain modeling;Alzheimer's disease;Functional magnetic resonance imaging;Accuracy;Feature extract...,,,""
